id,createdAt,hs_object_id,first_name,last_name,email
de44e059-a587-4a58-b4d2-c4714ee89251,2025-06-22 22:05:51,824716,Joseph,Snow,jarvisnoah@example.com
5718de88-737c-4710-b004-0cce662f9ec3,2025-02-19 19:55:54,796947,Billy,Davis,brownchristopher@example.net
7e61c1b3-ea80-4105-9464-61a51736dc97,2025-01-27 07:17:22,544199,Matthew,Tran,jeremiah06@example.net
f827efb4-74f2-4491-9ba6-e6770a42f1c7,2025-06-25 00:40:05,157548,Kenneth,Fitzpatrick,jmorgan@example.com
61a76d19-69e0-4151-8930-3654d13cb42e,2025-01-23 23:58:29,516086,Erica,Stanley,tonyacampbell@example.com
3dcb86e8-27d4-4de3-a2bb-2b4413c59a16,2025-03-31 15:02:21,997517,Courtney,Hansen,joyceduncan@example.net
62d05336-f9ae-405d-8001-0b63c4ea564d,2025-07-15 13:39:57,251519,Jasmine,Baker,briana99@example.com
129a7b1f-f7bb-48ce-b092-a03b6cd0e576,2025-07-31 20:01:57,942508,Kimberly,Ford,qbest@example.org
1a05f7c4-487b-4d1f-87a6-b715e4c4897f,2025-04-26 21:13:25,854112,Elizabeth,Hudson,geraldsmith@example.com
0a40ebb2-8597-4d66-957d-6287639bf608,2025-05-03 23:04:28,677278,Barbara,Sanders,colleen67@example.org
bbeccf6b-98d4-457a-89ed-e823631e9c5b,2025-04-28 17:07:14,940328,Jennifer,Potts,vwhite@example.com
c5c398d1-648b-4625-b2c4-0f22f97dcb2b,2025-03-12 16:58:45,951615,Bobby,Horton,josetownsend@example.com
fe4bd73a-6470-4288-8b29-0f7a3d2292ab,2025-05-12 03:10:37,546108,Jessica,Coleman,robbinsstephanie@example.org
0e70b298-c60c-4c31-8511-5f2f4367ac7e,2025-01-17 10:56:15,818682,Taylor,Aguilar,griffinleslie@example.net
817a6e01-311d-49ff-9812-ee4b6530ee35,2025-06-30 03:07:55,770130,Nicole,Roberts,elizabethcervantes@example.com
43715a18-a1b3-490e-9767-dfe27742503a,2025-07-04 01:47:56,923450,Brittany,Hammond,edwinalexander@example.net
fae01f64-bf9b-4597-8364-cee3c49dc4aa,2025-03-26 03:16:35,577489,Susan,Smith,zbruce@example.org
8e58d66b-299f-49ab-bf06-e9141bbf896b,2025-02-13 17:02:42,669344,John,Ramirez,stacy23@example.net
3139e661-1a2f-4575-8a3d-5711658f3167,2025-05-26 15:27:11,142556,Jennifer,Brown,teresa19@example.org
2216eca1-d831-434f-bc10-afbc766ff0e2,2025-04-28 12:10:35,878419,John,Schultz,francokyle@example.net
f51bb676-593e-48c8-8c55-02c6d7dd6af9,2025-05-28 02:43:55,422715,Gregory,Kline,joseph51@example.org
f67979b8-75a1-46fb-a39f-ab6d446baaa6,2025-03-01 10:06:37,520270,Carol,Estes,adamcortez@example.org
3dfa6cf3-ae1d-420d-aecf-b986ce72dc5e,2025-02-09 23:42:36,582648,Marie,West,scottlisa@example.net
4bf9e6cf-0414-4ce3-b153-a34b54e17a36,2025-02-09 21:41:24,345769,Jessica,Cunningham,xhammond@example.net
0df5fea0-9520-407d-8a01-c5aaf8a5ae79,2025-02-03 22:05:09,127831,Vicki,Jones,daniel21@example.net
4ee79c1e-66bf-4075-8228-e445df1efce9,2025-05-28 17:46:26,488150,Alfred,Ramos,michaellogan@example.net
7445878a-62b3-441f-bb16-c15d7eb9c2f1,2025-05-11 13:06:52,436844,Megan,Roberts,tammy75@example.net
19b98aa6-dacc-4baa-9886-5ce289266b93,2025-04-09 11:11:42,852799,Joseph,Gallegos,nreese@example.com
cd43bbdc-4f09-41a3-8939-9ca7637fda1a,2025-05-14 09:18:42,411744,James,Lane,sbowman@example.net
bac397e4-a2a5-43d8-bd49-65739e175cab,2025-07-07 09:41:31,748259,Cody,Lozano,michael04@example.org
2f2a491c-d42b-4e88-9ab5-b14f58b11e2d,2025-03-13 23:17:04,993962,Jared,Wu,arieljohnson@example.net
f33c1a05-93eb-4a2c-91d6-82e314af51a7,2025-02-20 05:24:28,420942,Patty,Hamilton,nicholas20@example.org
a906c85e-14ff-4d27-90c7-70fd02cd5b00,2025-04-24 15:23:16,397178,Olivia,Johnson,swright@example.org
bd365960-798d-4129-bfba-d08246027d80,2025-06-19 14:31:11,887753,Elizabeth,Hester,ryanharrison@example.org
e90aeb8a-88c0-4765-b0e4-e97269552bca,2025-05-22 17:00:32,661737,Kenneth,Hensley,middletonjeffrey@example.org
6fb64cb8-f94f-43eb-883e-ac509025a351,2025-08-08 20:39:43,839167,Mary,Ashley,fdixon@example.com
8a2ab107-c7c7-486c-a553-b311a2444618,2025-02-15 00:33:22,120079,Jacob,Rojas,schneiderandrew@example.com
eda440c0-6c84-4006-ad44-a6b893cf34b8,2025-04-16 02:49:12,948498,Sarah,Reed,gregoryallen@example.net
46709987-8106-4822-9828-11d2078a92ab,2025-07-22 04:28:41,174360,Erik,Larsen,brittanywilson@example.com
6bd19130-7f4a-4484-90d8-660e4974b7db,2025-01-24 01:32:53,582362,Cheryl,Matthews,dflynn@example.com
69bb0e36-20b6-4adf-a56d-e2a1e256c0c8,2025-02-05 16:46:01,958861,Dawn,Byrd,ywells@example.org
66f48e3b-3789-4d8b-9a8b-5a5dbd6c2524,2025-01-17 09:54:26,925193,Dwayne,Briggs,rmendez@example.org
70d5b40b-31e9-48b5-8e39-a4ef1885f67e,2025-01-06 04:38:21,286889,Christie,Adams,martinkerr@example.net
cf5e54ea-b0c8-4cc5-8536-480d354875d0,2025-06-20 08:58:15,583074,Joseph,Anderson,laurabarker@example.net
fb6923c2-8415-4dae-8f3d-063b411374e9,2025-07-27 00:25:50,219381,Debra,Rivera,ngray@example.net
015449c5-8506-4b21-a365-ac572c85f1ee,2025-05-15 11:46:50,864670,Jeremy,Whitaker,kevinrose@example.com
f63e471a-73cb-43ab-a48e-39ad4704983c,2025-04-29 00:10:57,541235,Samantha,Browning,efox@example.com
834368cc-1108-425a-bb7b-da50ceadca1e,2025-04-22 07:21:13,743249,Lisa,Taylor,floresjasmine@example.org
a43a170a-300d-4126-9a3e-906db6a8ea3f,2025-03-26 17:02:40,630093,Jacob,Barrett,danielburke@example.org
7a4e4dde-9142-4d89-8cd4-516518f4ac23,2025-07-09 09:06:32,780963,Angela,Edwards,dsampson@example.net
4e3ef643-b767-45be-9e00-d5dd232bdc03,2025-01-06 19:34:23,825070,Steven,Clark,pobrien@example.net
8aeb36a4-62c9-4a93-b17a-8571ca676cd8,2025-04-17 08:34:47,148457,Brittany,Morse,mduffy@example.net
78575ee0-5510-4da8-a66e-a524f8111a84,2025-06-22 11:53:47,260129,Tamara,Palmer,zwilliams@example.org
d567cca5-3869-4395-b581-e6eea6379d0c,2025-06-25 12:20:25,196258,Lauren,Small,vgonzalez@example.com
955a3586-7e58-45f9-9305-a387963bb285,2025-03-17 10:00:40,252471,Edgar,Morales,lauraalexander@example.com
a880537f-96c1-44e8-b0de-6883dcc237ed,2025-05-24 22:09:55,526909,Olivia,Martin,ttodd@example.com
42fad365-1c47-4925-95fe-f065d66faa1d,2025-03-12 15:20:28,518289,Alison,Montoya,welchsusan@example.com
877817c2-2cad-483a-93b1-e139f1905768,2025-03-17 22:06:08,841899,Taylor,Garcia,katiecox@example.com
8380dcf3-a93e-4698-b56e-196c4f70bfb9,2025-02-01 06:43:35,201268,Rodney,Coleman,romeroryan@example.com
f2059c26-f73b-4e2b-a37e-03e352076c45,2025-07-13 14:09:33,611985,William,Watkins,snelson@example.net
a8786692-85db-488e-b373-6ce1de883118,2025-07-09 04:07:30,138136,Christopher,Davis,katrina92@example.net
bd444b98-f655-4133-95f8-d586e4c3e4dc,2025-04-13 07:53:10,460663,Daniel,Reeves,smithkenneth@example.com
8e2f0052-03c5-43be-a1b6-75b2fcea1d35,2025-07-27 19:03:58,826381,Dennis,Johnson,yjones@example.org
e86ca9ae-8c87-4a0b-b186-e99a311a1173,2025-01-30 00:29:31,824773,Marie,Johnson,perezjoanna@example.org
aa84933a-312f-45d3-8fd6-031ff63d4923,2025-02-06 19:43:45,568799,Kenneth,Lozano,stevenhunt@example.net
36d8e2da-c1a2-4597-91a9-3c135dfa1a98,2025-01-12 13:42:41,464328,Jodi,Brown,bmurphy@example.org
7a925d8b-f875-485a-beef-994c8cb73ad4,2025-02-18 11:10:39,674465,Brent,Ballard,kperkins@example.org
c4fc60d9-ed2d-4dad-8c17-6671342ef443,2025-01-08 18:05:26,359095,Mary,Ross,znunez@example.com
e9ac2db5-10d2-4bc8-8d84-657f9a3cacd9,2025-01-08 13:19:10,819697,Gary,Sanchez,cabreracourtney@example.com
6a2e3b2c-99d6-4caa-a301-922a5b3b1aa3,2025-01-02 10:00:34,502057,Cynthia,Powers,mark71@example.com
da3ef2db-1d61-484d-91e4-5b5afd6a45ac,2025-06-28 02:39:10,898114,Derrick,Wheeler,marshallbrianna@example.org
f7c1a128-1f3a-4018-b8e6-151ffdb0436a,2025-05-29 23:22:13,737093,Rebecca,Washington,kathleen63@example.net
5b6c0029-c30f-4356-9962-10d166267b52,2025-02-21 05:23:21,930213,Brittany,Thompson,harold06@example.org
9163c497-a982-41c5-b2df-d129abb8b4c4,2025-01-13 12:53:20,185150,Sean,Atkinson,colleen03@example.org
a6418c23-19f1-4473-9792-c93776152d5c,2025-04-24 18:45:41,189209,Rhonda,Collier,jameshall@example.com
29727eee-401a-41e4-8a13-ec67741be7b3,2025-02-10 14:05:57,624242,Matthew,Salas,uholland@example.com
673aa913-1cc9-4aee-9033-72ad8ed5e589,2025-04-13 11:17:31,847562,Robert,Edwards,htran@example.com
bfdb3877-912f-403f-b36a-978329836c37,2025-08-06 04:53:24,706457,Omar,Ramirez,martinezmartha@example.com
251e8eae-7e79-4aef-81c3-a7a276cf6cc2,2025-08-03 12:11:39,694910,Jesse,White,nicole82@example.net
a0e81c0c-6f05-4a19-a86e-d5893894c61a,2025-07-25 20:24:22,397927,Melissa,Lopez,williamserik@example.net
358a15cd-c3f5-4194-8e6c-2f5f6b222b1d,2025-01-06 05:49:55,734806,Charles,White,dmendez@example.org
77460949-b610-4394-aaad-03b865190a86,2025-03-20 05:12:30,938213,Christopher,Lawrence,brittany19@example.net
275548df-28cd-4719-81c7-50204053b423,2025-07-28 19:26:42,794200,Mark,Herman,johnsanders@example.net
54590f70-4ba7-4ff8-9f40-27404cc7ba40,2025-02-09 03:46:09,543612,Ryan,Williams,tcastro@example.net
208dde58-c3ea-46ca-9f15-63c6dea12df7,2025-02-03 14:43:23,949455,Jill,Thompson,flemingheather@example.com
af744b27-ed14-4b7b-b82d-37f1b90d1693,2025-07-01 20:41:29,899185,Matthew,Mendoza,lward@example.com
29bed315-6333-45a5-8ae2-ec38e697934b,2025-05-12 11:23:25,196832,Roger,Burton,ashley82@example.net
fab96793-24f6-40f2-a5d1-4d20c6d805a5,2025-04-10 17:04:34,769314,Sharon,Todd,sarawebb@example.org
ad78cb06-3716-42be-a3e5-1de6682e8686,2025-01-20 02:25:11,472755,Natalie,Houston,hbishop@example.com
48da7da8-58d9-4f3a-a98c-9d95ed388f0c,2025-07-10 14:13:54,630273,Keith,Hill,christopher78@example.com
e41de809-cb0a-4201-bedb-a3162e4ea05a,2025-03-15 04:28:27,766639,Nathan,Acevedo,richardvargas@example.net
a2d94e57-b0b4-42e2-8d01-3f931e1285ac,2025-04-03 06:16:41,543525,Timothy,Peterson,garciachloe@example.org
c476c44a-6f1f-4244-a2a9-af3c6129dda6,2025-01-17 12:21:26,837371,Trevor,West,kevin71@example.org
5ee726c0-e523-4fe9-a68b-e0cc89cfd60a,2025-02-12 19:39:21,878282,Bryan,Clayton,delliott@example.com
be2369cd-7e15-4721-966f-e258bb653ffd,2025-04-06 03:35:16,824074,Thomas,Hess,amanda84@example.net
d092782d-a86f-4c3d-88ef-910bc85fc243,2025-03-27 02:12:20,432665,Kelly,Brooks,nathanielkey@example.org
62069ab7-dc58-49e6-8dde-b1e018a54827,2025-05-17 15:27:09,311419,Sally,Bell,thomas02@example.com
6ba2b279-d3e7-4cfa-a160-658d8d9677f2,2025-01-03 03:51:02,124347,John,Moon,lambertkevin@example.org
e941ffda-5d0f-4ed0-a110-ea0f14da9c3b,2025-02-02 22:26:32,148894,Mark,Davis,khensley@example.com
aeccb1a0-9dfa-4188-9318-023ec6197428,2025-02-19 17:55:39,455856,Brianna,Krause,joseph39@example.com
