id,createdAt,hs_object_id,name,description
ae15b5eb-f133-4508-a690-e1a90686014c,2025-02-26 20:37:27,470960,Exactly,Yourself without meet rock generation.
53842b43-1b01-48cb-8677-b34f1118285c,2025-03-21 16:28:09,566612,Top,Thousand realize brother range per thought.
34aa1ede-205b-4547-8ddc-b526c24834a8,2025-03-27 22:43:32,748619,Decision,Factor until economy heart pay resource recognize concern.
b2cfd124-331b-4b3f-bfe5-fb29d3969396,2025-02-13 12:52:54,808321,Former,Have work nation.
d409a16a-5594-499f-be40-7daccc799cb0,2025-04-12 19:08:09,356315,Manager,Major eat music.
5b51e735-2833-4235-9cbd-213f97689066,2025-04-12 12:25:00,908438,Hot,Entire measure prevent listen.
22698ffd-a260-4445-a29b-d57413e8ec80,2025-04-07 00:18:43,546745,Citizen,Responsibility to history but special career cell although.
0aeb0248-97ce-4e11-9f2c-b3730ce8ac84,2025-04-01 06:38:44,270670,Friend,You business role purpose might study.
22171164-49ab-4d01-b8ff-e332f1937b74,2025-05-15 19:13:28,570571,Natural,Prove travel road forget.
156bf5f9-aafc-408e-89bc-68c98711fe15,2025-05-01 02:38:24,943800,Federal,Tax also manager.
e5915039-9088-4680-9e9d-23ccfebcaeea,2025-04-04 22:21:14,939640,Wear,Kid particularly able ago significant word economy cause.
3461de62-7e1d-4b4c-9c1a-b00a262faa70,2025-08-08 13:43:58,281753,Clear,South upon until role.
21940fac-b3e0-4b5c-a455-789a7f5ac4ea,2025-05-21 12:46:31,486173,Opportunity,Hundred hotel recognize as trip describe west how.
d5a81367-c3fc-424e-aa94-8ee1ba254c58,2025-05-05 00:56:45,371152,Music,Use compare family.
c6d445ce-4a46-4c20-982f-2ab55e9e84d8,2025-07-08 07:05:47,292852,Nor,Player knowledge fact already purpose under popular.
f7badee2-7d9f-4afd-b7db-de676b444fcf,2025-07-23 07:51:23,603164,Reality,Shoulder clear research include significant.
630615b8-2df9-4662-a803-afad6cd72ba1,2025-04-23 19:10:57,429698,Strategy,Public camera with stay hold sign find west.
f16341a5-be1b-41b4-8156-a0f79d393c00,2025-06-11 15:04:36,548700,Series,At ready add.
b30ee891-0197-47d2-b89d-6480a269a97f,2025-08-03 01:01:59,443634,Near,Election executive act scene the feeling.
aed8a45d-673b-4bb1-8525-c0ae7a574a16,2025-02-11 19:42:16,246867,Five,Real talk together apply.
0af818d9-7bd5-422b-a725-fe64f93f29cd,2025-04-04 08:07:13,792451,Newspaper,Other if although reflect pressure economy speech.
10e030a7-5435-4698-ab17-4d16aa304101,2025-03-18 20:55:55,968760,Manage,Citizen down last.
24060fe2-9d29-41c2-a872-fa24f40a419d,2025-07-30 05:53:54,800882,Information,Mother media pattern important page.
8c0f7a91-9c02-477d-a8e5-1317d1694f34,2025-07-18 16:43:30,218911,Coach,Dinner defense building performance where tough.
e4f0fa0a-677d-4a5b-812d-75116c60d8cb,2025-05-22 13:04:15,978411,Statement,Quality some summer entire everyone about.
edd172bc-b3d6-475c-991a-f0bbc081525e,2025-07-26 20:48:37,661835,Family,Those body method herself much environmental.
f243a213-cac8-4dbd-905c-3ba9a918c52f,2025-03-02 16:05:31,212852,Matter,Campaign soldier that best man wife.
179da699-221d-42e7-9795-0072d07f3f79,2025-01-14 04:32:44,238613,Under,As very newspaper decade.
edf2eb1b-4554-4ea2-8b33-11abb41be7dc,2025-01-25 23:49:08,551951,Clearly,Threat heavy issue movement pretty window.
a4e89591-17f5-4ece-af72-b4134f9355b4,2025-05-13 09:03:07,640069,Mrs,Nor popular fish bag contain.
b3d9181f-a38f-4a2c-9133-0b2cff9067d7,2025-01-11 03:32:52,761150,Miss,Soldier age other manager perhaps.
029ec088-e930-4bfc-b16c-e0b1bfb2f898,2025-04-14 04:14:12,128495,Hundred,Century rule lead ball paper later.
1e99a64a-3445-4de1-9115-72399005ba12,2025-03-07 11:56:18,750161,Former,Paper for Congress political everybody message strong.
505b54b6-2a21-49b1-9885-981adce20c6b,2025-02-26 10:46:34,838500,At,Popular key relate.
cb950ca0-8c35-4f75-abbb-d39666f89ae6,2025-02-17 01:41:49,380136,Record,Most research management here organization.
299cb3ec-65cc-47d3-8ccd-31132a404eed,2025-03-22 09:07:25,731985,Because,Condition member leader paper activity together trial.
1a6bd3ae-7c14-4028-a698-78f32f628b53,2025-07-03 19:11:36,779186,Know,Effect article space alone have.
29cb8de1-a91f-4508-8c9d-ea36f7f67f91,2025-04-20 10:20:44,808061,Family,Peace suggest conference particularly center process during.
970910f5-1fd6-4b3d-9cf4-78b2e5a4add8,2025-04-28 19:32:09,177362,The,Piece director traditional development.
4dc144ce-628f-4a9c-bbb5-6cd7e71d76e6,2025-04-01 12:28:24,701746,Recognize,Range could just indicate gas goal source lawyer.
655723da-356c-4ad9-a547-c3f330a6b44a,2025-06-13 19:33:53,402703,Election,Quite wonder on anyone cause truth.
02a806fd-1ac5-49fc-aae1-04e62c1b841a,2025-07-23 19:49:11,495137,Two,Even hotel else.
80c49674-6922-49dd-80ba-660de2222296,2025-03-23 07:31:02,719545,Have,Black material whatever agreement.
5ad83e5c-2541-4332-bbb4-4e9c95840f08,2025-05-22 11:09:43,670707,Send,Able between head girl despite attorney above.
fb7f0eb6-234b-4c82-8a84-6c38119700f8,2025-04-07 16:47:25,470137,Tree,Mention mention movie ok.
39a1916a-25aa-4b75-9aa8-978b17da78ff,2025-03-03 04:23:11,559351,Material,Tough keep in general decision you decision magazine.
fdef6c3d-de24-4ee6-8da8-cceb23d58908,2025-03-28 15:37:38,405185,Hospital,First kitchen sense instead.
60c66cc2-ee8a-435d-b7c6-01a230ffec3d,2025-02-05 18:16:16,532656,Stop,Every also piece behind whose opportunity majority.
f50ab0fb-678a-46c1-abad-5333f3692a68,2025-03-03 21:57:34,753651,Later,Imagine sing later lot.
a4838008-941c-43fe-af44-374b18805037,2025-05-16 06:33:02,756467,Similar,Skill everybody seat page likely too.
499c6f20-b586-4e09-8597-0848d7ae7e39,2025-07-08 22:30:56,222754,Article,Pay page case approach own even.
11b0f6b2-274c-4d7b-9306-50c35f898a16,2025-02-26 13:34:40,961394,Than,Water but news least.
36eb6c94-9ea8-4781-b812-72f096eb4622,2025-02-12 15:34:22,858757,Color,Believe however use rate toward recently sort.
b2d9ee71-0ed7-47f2-a3dd-b2e98313a02e,2025-02-23 15:57:58,450464,Sense,Book outside election increase size.
8b458d44-a3ec-4cef-8290-0bb75c95fe56,2025-01-31 05:44:49,301721,Story,Most yeah cause loss.
fdb14ff8-efc3-45e7-822c-0b1120ea90e7,2025-07-24 19:17:24,973045,Strong,Weight card civil artist.
985c2db3-33ae-4a5e-9d4d-603a00d078e9,2025-01-12 01:59:19,766370,Recently,Four still this my.
b2c3972f-f077-4df1-9e97-829c9fce2fc1,2025-05-03 11:20:23,694478,Carry,Compare space hard suffer shoulder four.
bf732c47-5681-4afc-9aeb-efe7a098c4f0,2025-07-08 06:50:30,210336,Long,In begin operation cause card trial.
1821e29a-8cbd-4477-9f65-d37f22116e5a,2025-04-02 12:57:57,332105,City,Interest soon save action audience theory bank.
c8343e62-620e-451f-92c0-8e998e48dea2,2025-04-26 23:19:49,256095,Against,Property speak experience themselves.
0927239f-a8b9-4425-b1c2-46c1cb5d13e1,2025-05-15 15:49:42,257515,Contain,Mention after or last campaign.
bd282015-b859-4bfa-b83d-68c5aafb220d,2025-07-18 05:14:42,587059,Red,Poor newspaper question price hot be shake.
119abc56-34e8-4507-b7cd-749bd7b0a17e,2025-05-13 16:21:23,484583,Community,Question especially set follow require.
1c18dd84-a74a-4cc9-8151-dd5e3fe5d67b,2025-06-30 10:42:06,243172,Political,Race crime practice yet how improve.
b4bffa5f-569c-4dc5-9e8c-7aabf39070c8,2025-05-24 11:14:52,451714,Production,Financial collection evening message.
e1d33d22-2418-42e0-8d60-95bf7fb3cc7c,2025-06-10 21:50:40,879163,See,Federal central shake account.
63e081e2-99c8-442a-99a7-8aade657013f,2025-04-20 22:56:03,780612,The,Understand identify direction never product every police whether.
eb6375f4-79bf-42a4-8ce0-7564385295cb,2025-06-12 11:22:30,435698,Year,Benefit ever relate.
2a026dca-9aa9-47b0-ab29-aa25b586e4d4,2025-05-22 03:16:58,491562,Share,Song laugh cause base everything experience.
170c05df-80a2-44f6-885d-288a6f9e52b6,2025-06-10 23:20:21,914593,Manager,Wife investment huge friend light hair.
13e9bda7-257c-4ad2-841a-6dc090aa3ecf,2025-04-30 12:02:16,653692,Already,Senior throughout nature give minute hand entire.
674fd507-2bea-4786-989c-9eef712983eb,2025-07-11 16:45:00,389066,Image,Phone Mrs however ten book carry.
b0bf7021-fe78-4788-9085-5ac42e278b95,2025-03-29 11:19:34,121642,Idea,Good teacher security take easy develop discussion.
e4073de7-d45b-4dde-b8ef-82768d93b999,2025-05-05 11:10:40,963522,Charge,Along girl seem professional fire side appear.
85d01d05-fe3e-4495-aecb-e8113dcab874,2025-04-24 12:03:25,802200,Of,Stage street anything represent they whole.
9a8031f6-aaf5-48a9-8a33-2f0f9c0916cd,2025-03-12 14:38:11,257179,Across,Perhaps bag far financial.
1d71b0d2-06cc-43f2-b42f-a4f767621121,2025-06-05 11:09:05,664070,Sound,While final near three computer miss experience doctor.
61669d42-c192-4b45-90c9-b2e1c9bad422,2025-03-31 05:18:12,267654,Talk,Believe far government those.
cf650538-4f2d-4f09-9533-5ac9dfe552e1,2025-03-29 19:29:14,433068,Along,Magazine money involve notice others them upon.
5cc29284-9bf2-46e8-8597-bd6efefd6dff,2025-03-09 07:49:25,109454,Hard,During center else myself pay.
d29fca1d-e4b8-44e0-9fc2-9702b8fab9a2,2025-02-17 00:11:33,157996,Understand,Cost pick amount line relate tough learn.
28edb77c-5d59-4610-9f8a-be4808e9e269,2025-03-04 12:21:02,731935,Continue,Control animal in now particularly believe.
2cf6f4a9-75dd-4ba3-a131-223781690490,2025-07-10 00:18:06,310481,Traditional,Life fast area address car either example.
1eb3cd67-285b-4240-962b-1755266d0746,2025-05-15 08:57:23,303877,Another,Couple choice might exist training.
5b5e972f-70f3-46dc-9b65-ac14249006bf,2025-07-12 16:19:08,647210,Around,Loss tough ball.
4f594169-b210-474e-8461-568538ef8a98,2025-05-04 18:05:27,862135,Network,Usually vote break report budget.
35bf9d7a-635e-4fb7-9dc4-2eadb4ffea4d,2025-04-30 02:47:31,219611,Official,Station not mouth country reflect pay.
ab230de6-e786-467e-b731-11247b13da50,2025-04-24 19:06:06,705544,Listen,Almost edge cup law process kitchen part you.
6718eb89-4dd8-401c-871f-574ca0695d99,2025-01-21 22:31:08,146438,Stage,Suggest behind through relate message.
e425d614-1b93-4740-a84d-902dc2514627,2025-02-09 17:12:55,866531,National,Economic figure media according arrive.
d18a7a79-b8c5-46b0-a01a-6a02f72f7d7e,2025-03-15 14:37:08,805230,Air,Man mind tend late kind course section.
a649f637-5dd9-40ec-b963-156ed041daf1,2025-04-09 14:11:56,203131,White,Clearly however four home prove.
2d35b2b6-0b01-4004-bbdb-cad512e72a1d,2025-05-14 16:58:38,466396,Run,Through growth risk theory can visit.
99b7b931-d68f-49a0-92dd-8b66b316ac38,2025-05-15 12:23:47,382637,Run,Example security couple cultural.
5735cf31-95b6-4c42-9333-26ffd0a46991,2025-06-24 03:43:23,100787,Soon,Child represent week someone brother late.
aead8144-2a62-4061-af5f-1c5ce75a2068,2025-03-05 23:53:53,409837,Child,Either major walk career lot.
52198c8f-e443-44a9-88ec-550cd6657307,2025-08-07 07:09:30,555209,Bag,Above day receive.
fb1eaef9-e96e-486d-a80c-051dc3ff8c9b,2025-01-27 00:31:42,543201,Hold,Serve scientist agent phone create create way my.
da687930-433d-488c-8d4b-6d5175d665d1,2025-05-30 14:05:39,320909,Kind,Shoulder deep ahead course company natural.
